{"Sv_%_v_v_20C": [0, 1, 2, 3, 4, 5, 6, 7, 8, 9, 10, 11, 12, 13, 14, 15, 16, 17, 18, 19, 20, 21, 22, 23, 24, 25, 26, 27, 28, 29, 30, 31, 32, 33, 34, 35, 36, 37, 38, 39, 40, 41, 42, 43, 44, 45, 46, 47, 48, 49, 50, 51, 52, 53, 54, 55, 56, 57, 58, 59, 60, 61, 62, 63, 64, 65, 66, 67, 68, 69, 70, 71, 72, 73, 74, 75, 76, 77, 78, 79, 80, 81, 82, 83, 84, 85, 86, 87, 88, 89, 90, 91, 92, 93, 94, 95, 96, 97, 98, 99, 100], "wE_mass_fraction": [0.0, 0.007900534, 0.015822965, 0.023768251, 0.031733798, 0.03972482, 0.047731751, 0.055757764, 0.063802413, 0.071865756, 0.079949148, 0.08805274, 0.096173617, 0.104311075, 0.112465849, 0.120639176, 0.128821757, 0.137032537, 0.145256673, 0.153494969, 0.161748821, 0.170009391, 0.17831835, 0.186634668, 0.19496686, 0.203325398, 0.211715276, 0.220126235, 0.228558433, 0.236976488, 0.245448705, 0.253973005, 0.262527893, 0.271109178, 0.279727044, 0.288371039, 0.297064548, 0.305772206, 0.31452873, 0.323333129, 0.332155815, 0.341040521, 0.350004909, 0.358968359, 0.367982659, 0.377065347, 0.386195003, 0.395363564, 0.404593312, 0.413877581, 0.42319078, 0.432546328, 0.441960357, 0.451480268, 0.461042905, 0.470608959, 0.480275401, 0.489992716, 0.499701409, 0.509519507, 0.519423582, 0.529385213, 0.539403826, 0.549480409, 0.559615982, 0.569921752, 0.580145776, 0.590590542, 0.601131933, 0.611623557, 0.622145851, 0.632747093, 0.643498247, 0.654424154, 0.665357116, 0.676260926, 0.687359147, 0.698660003, 0.709863258, 0.721093388, 0.732681851, 0.744252459, 0.755877529, 0.767722315, 0.779479376, 0.791568643, 0.803784468, 0.816117725, 0.828571868, 0.841150522, 0.853857499, 0.866696808, 0.879963223, 0.893538126, 0.907036944, 0.920973026, 0.935023469, 0.949930747, 0.964479157, 0.980039141, 1.0], "wE_%_m_m": [0.0, 0.790053351, 1.582296549, 2.376825055, 3.173379839, 3.972482001, 4.773175092, 5.575776352, 6.380241266, 7.18657559, 7.994914837, 8.805274035, 9.617361722, 10.43110746, 11.24658494, 12.06391759, 12.88217569, 13.7032537, 14.52566726, 15.34949689, 16.17488207, 17.00093909, 17.83183497, 18.66346679, 19.49668596, 20.33253983, 21.17152765, 22.01262347, 22.85584328, 23.69764875, 24.54487048, 25.39730054, 26.25278926, 27.11091777, 27.97270436, 28.83710392, 29.70645484, 30.57722058, 31.45287296, 32.33331289, 33.21558153, 34.10405206, 35.00049087, 35.89683591, 36.79826586, 37.70653472, 38.61950031, 39.53635642, 40.45933121, 41.38775811, 42.31907796, 43.25463277, 44.19603568, 45.14802684, 46.10429047, 47.06089588, 48.02754007, 48.99927155, 49.97014089, 50.95195066, 51.9423582, 52.93852132, 53.9403826, 54.94804095, 55.96159817, 56.99217517, 58.01457757, 59.05905416, 60.11319333, 61.16235566, 62.21458512, 63.27470934, 64.34982472, 65.44241536, 66.53571155, 67.6260926, 68.73591468, 69.86600031, 70.98632576, 72.10933882, 73.26818511, 74.42524594, 75.58775288, 76.77223146, 77.94793761, 79.15686432, 80.37844677, 81.61177247, 82.85718676, 84.11505221, 85.38574992, 86.66968081, 87.99632232, 89.3538126, 90.70369436, 92.09730261, 93.50234692, 94.99307472, 96.44791569, 98.00391412, 100.0], "rho_mix_g_per_mL_20C": [1.0, 0.998970511, 0.997587968, 0.996169236, 0.994825757, 0.993383985, 0.992094342, 0.990836011, 0.98960521, 0.98839286, 0.987177495, 0.985959093, 0.984769033, 0.983607928, 0.98246357, 0.981323016, 0.980256775, 0.979116368, 0.978014968, 0.976941466, 0.975883468, 0.974889676, 0.973723682, 0.972623158, 0.971537421, 0.970414919, 0.96923757, 0.968057262, 0.966873973, 0.965832528, 0.964649621, 0.963348052, 0.962018921, 0.96068013, 0.959298023, 0.957911726, 0.956446676, 0.955020746, 0.953525614, 0.951970499, 0.9504455, 0.948826842, 0.947074717, 0.945412573, 0.943700992, 0.941900396, 0.940070164, 0.938232133, 0.936335794, 0.934400938, 0.932487235, 0.93056483, 0.928600934, 0.92650162, 0.924403338, 0.922383631, 0.920252004, 0.918109159, 0.916065458, 0.913903381, 0.911672124, 0.909425477, 0.907165979, 0.904893407, 0.902607532, 0.900134095, 0.89787502, 0.895359412, 0.892787706, 0.890377086, 0.888003993, 0.885599327, 0.88306814, 0.880384987, 0.877780648, 0.875298243, 0.872647731, 0.869829098, 0.867219416, 0.864658601, 0.861754661, 0.858961757, 0.856192671, 0.853263201, 0.850518462, 0.847499463, 0.844438313, 0.841347736, 0.838226866, 0.835074795, 0.831890568, 0.82867318, 0.82514903, 0.821445866, 0.817922142, 0.814115049, 0.810322334, 0.805914328, 0.801940814, 0.797261627, 0.791860873], "gl": [0, 1, 2, 3, 4, 5, 6, 7, 8, 9, 10, 11, 12, 13, 14, 15, 16, 17, 18, 19, 20, 21, 22, 23, 24, 25, 26, 27, 28, 29, 30, 31, 32, 33, 34, 35, 36, 37, 38, 39, 40, 41, 42, 43, 44, 45, 46, 47, 48, 49, 50, 51, 52, 53, 54, 55, 56, 57, 58, 59, 60, 61, 62, 63, 64, 65, 66, 67, 68, 69, 70, 71, 72, 73, 74, 75, 76, 77, 78, 79, 80, 81, 82, 83, 84, 85, 86, 87, 88, 89, 90, 91, 92, 93, 94, 95, 96, 97, 98, 99, 100], "wE_percent": [0.0, 0.790053351, 1.582296549, 2.376825055, 3.173379839, 3.972482001, 4.773175092, 5.575776352, 6.380241266, 7.18657559, 7.994914837, 8.805274035, 9.617361722, 10.43110746, 11.24658494, 12.06391759, 12.88217569, 13.7032537, 14.52566726, 15.34949689, 16.17488207, 17.00093909, 17.83183497, 18.66346679, 19.49668596, 20.33253983, 21.17152765, 22.01262347, 22.85584328, 23.69764875, 24.54487048, 25.39730054, 26.25278926, 27.11091777, 27.97270436, 28.83710392, 29.70645484, 30.57722058, 31.45287296, 32.33331289, 33.21558153, 34.10405206, 35.00049087, 35.89683591, 36.79826586, 37.70653472, 38.61950031, 39.53635642, 40.45933121, 41.38775811, 42.31907796, 43.25463277, 44.19603568, 45.14802684, 46.10429047, 47.06089588, 48.02754007, 48.99927155, 49.97014089, 50.95195066, 51.9423582, 52.93852132, 53.9403826, 54.94804095, 55.96159817, 56.99217517, 58.01457757, 59.05905416, 60.11319333, 61.16235566, 62.21458512, 63.27470934, 64.34982472, 65.44241536, 66.53571155, 67.6260926, 68.73591468, 69.86600031, 70.98632576, 72.10933882, 73.26818511, 74.42524594, 75.58775288, 76.77223146, 77.94793761, 79.15686432, 80.37844677, 81.61177247, 82.85718676, 84.11505221, 85.38574992, 86.66968081, 87.99632232, 89.3538126, 90.70369436, 92.09730261, 93.50234692, 94.99307472, 96.44791569, 98.00391412, 100.0]}