{"temperatura": [18.0, 18.1, 18.2, 18.3, 18.4, 18.5, 18.6, 18.7, 18.8, 18.9, 19.0, 19.1, 19.2, 19.3, 19.4, 19.5, 19.6, 19.7, 19.8, 19.9, 20.0, 20.1, 20.2, 20.3, 20.4, 20.5, 20.6, 20.7, 20.8, 20.9, 21.0, 21.1, 21.2, 21.3, 21.4, 21.5, 21.6, 21.7, 21.8, 21.9, 22.0, 22.1, 22.2, 22.3, 22.4, 22.5, 22.6, 22.7, 22.8, 22.9, 23.0, 23.1, 23.2, 23.3, 23.4, 23.5, 23.6, 23.7, 23.8, 23.9, 24.0, 24.1, 24.2, 24.3, 24.4, 24.5, 24.6, 24.7, 24.8, 24.9, 25.0, 25.1, 25.2, 25.3, 25.4, 25.5, 25.6, 25.7, 25.8, 25.9, 26.0, 26.1, 26.2, 26.3, 26.4, 26.5, 26.6, 26.7, 26.8, 26.9, 27.0, 27.1, 27.2, 27.3, 27.4, 27.5, 27.6, 27.7, 27.8, 27.9, 28.0, 28.1, 28.2, 28.3, 28.4, 28.5, 28.6, 28.7, 28.8, 28.9, 29.0, 29.1, 29.2, 29.3, 29.4, 29.5, 29.6, 29.7, 29.8, 29.9, 30.0], "viscosidade": [0.64655, 0.64655, 0.64655, 0.64655, 0.64655, 0.64655, 0.64491, 0.64327, 0.64162, 0.63998, 0.63834, 0.6367, 0.63506, 0.63342, 0.63177, 0.63013, 0.62618, 0.62223, 0.61828, 0.6144, 0.61453, 0.61263, 0.61073, 0.60883, 0.60694, 0.60604, 0.60423, 0.60241, 0.6006, 0.59881, 0.59701, 0.5952, 0.59339, 0.59158, 0.58978, 0.58798, 0.58617, 0.58437, 0.58256, 0.58076, 0.57895, 0.57714, 0.57534, 0.57353, 0.57172, 0.56991, 0.56812, 0.56632, 0.56451, 0.5629, 0.5617, 0.55999, 0.55829, 0.55659, 0.55489, 0.55349, 0.55187, 0.55026, 0.54864, 0.54702, 0.54528, 0.54295, 0.54061, 0.53828, 0.53594, 0.53461, 0.5323, 0.52999, 0.5277, 0.5254, 0.52311, 0.52127, 0.51943, 0.51756, 0.51573, 0.5149, 0.51313, 0.51137, 0.5096, 0.50795, 0.50669, 0.50501, 0.50333, 0.50161, 0.50046, 0.4993, 0.49782, 0.49634, 0.49486, 0.49338, 0.49191, 0.49035, 0.4888, 0.48734, 0.48634, 0.48534, 0.48404, 0.48274, 0.48144, 0.48016, 0.47795, 0.47663, 0.47532, 0.474, 0.47269, 0.47138, 0.47001, 0.46865, 0.46729, 0.46564, 0.46399, 0.46251, 0.46103, 0.45956, 0.45808, 0.4566, 0.45512, 0.45364, 0.45217, 0.45069, 0.44921]}